,times,002506,000533,002581,600519,002220,002603,002397,002400,600095,002065,600485,601360,002129,002074,600891,600518,002083,600010,600978,600881,000541,000564,002176,000792,000963,000413,600069,002263,600728,002426,600606,600175,002007,600418,600290,002415,002185,002604,000532,002256,000540,002104,002447,002217,600093,002533,600589,002154,600701,000557,600880,000016,002152,002030,600703,600291,600196,000903,002204,000609,601558,002230,002046,002195,000561,601005,600268,600068,600082,600123,000676,601018,000731,000987,600811,600721,600289,601177
0,2020-05-25,2.62,2.7,25.65,1362.9,0.67,28.85,8.01,6.68,9.98,10.9,,17.54,17.88,0.0,,2.45,4.89,1.06,0.99,2.81,5.75,3.52,1.29,,23.04,2.7,0.82,2.12,9.12,1.51,5.39,0.45,41.18,6.3,1.07,27.98,13.32,,11.4,0.81,2.95,8.95,1.07,4.84,11.22,5.08,0.0,2.84,0.0,4.3,4.16,6.64,11.61,21.86,23.79,7.41,31.34,5.13,4.57,5.96,0.26,31.55,12.8,2.86,6.67,1.34,8.68,6.0,3.35,4.72,8.63,3.34,5.04,12.02,3.69,4.36,5.3,7.71
1,2020-05-22,2.67,2.73,26.98,1328.2,0.7,28.44,8.9,6.8,10.42,11.2,,17.61,17.8,0.0,,2.58,5.03,1.07,0.99,2.78,6.05,3.61,1.3,,21.75,2.68,0.78,2.14,9.45,1.5,5.31,0.47,41.16,6.6,1.02,29.96,13.21,,11.57,0.77,2.94,8.82,1.02,4.9,11.43,5.18,0.0,2.84,0.0,4.55,4.43,7.04,11.6,20.65,24.25,7.53,31.14,5.48,4.47,6.19,0.29,32.4,12.29,2.82,6.94,1.34,8.9,6.06,3.29,4.69,8.61,3.33,5.23,12.25,3.69,4.59,5.05,7.74
2,2020-05-21,2.75,2.8,27.64,1366.1,0.74,30.48,9.66,7.43,0.0,11.6,,18.13,18.93,0.0,,2.7,5.13,1.08,0.99,2.8,5.5,3.91,1.29,,22.43,2.77,0.74,2.15,9.38,1.58,5.42,0.49,40.72,6.0,1.04,29.61,13.06,,11.23,0.73,3.0,9.37,1.04,5.0,11.8,5.3,0.0,2.92,0.0,4.14,4.77,7.44,12.06,22.29,25.65,7.67,33.01,5.67,4.75,6.61,0.32,32.87,12.01,2.85,6.91,1.37,9.89,6.25,3.35,4.78,8.43,3.35,5.25,11.65,3.75,4.66,4.81,7.78
3,2020-05-20,2.7,2.8,29.7,1351.0,0.78,29.6,9.35,6.75,11.29,12.0,,18.55,19.42,0.0,,2.75,4.94,1.08,1.04,2.82,5.18,3.95,1.27,0.0,22.41,2.78,0.78,2.19,9.22,1.66,5.44,0.52,40.11,5.45,1.06,30.03,13.61,,11.1,0.77,3.04,9.23,1.08,5.1,12.08,5.38,0.0,2.84,0.0,3.76,4.34,7.9,12.47,22.13,26.04,8.02,32.32,5.46,5.28,7.24,0.35,34.29,11.96,2.89,7.0,1.39,10.35,6.33,3.29,4.79,9.22,3.38,5.25,11.83,3.82,4.74,5.06,7.85
4,2020-05-19,2.64,2.87,27.0,1346.11,0.82,30.5,8.5,7.43,10.59,12.35,,17.8,19.2,27.18,,2.72,5.07,1.1,1.09,2.88,4.71,4.22,1.31,0.0,21.24,2.74,0.82,2.13,9.38,1.61,5.53,0.55,40.5,4.95,1.12,30.35,14.26,,11.66,0.81,3.05,9.07,1.12,5.24,12.32,5.55,0.0,2.89,0.0,3.42,4.39,7.75,12.55,22.82,26.02,7.8,32.94,5.66,5.25,7.68,0.39,34.63,13.29,2.93,7.17,1.43,10.17,6.38,3.28,4.84,8.38,3.41,5.38,12.59,3.92,4.86,4.82,7.88
5,2020-05-18,2.61,2.87,26.91,1346.21,0.86,30.71,7.73,7.4,10.2,12.2,,17.59,18.3,25.14,,2.82,5.0,1.12,1.15,2.9,4.64,3.84,1.36,0.0,20.95,2.78,0.86,2.2,9.23,1.69,5.6,0.58,38.05,4.94,1.18,29.9,13.72,,11.66,0.85,3.04,8.86,1.1,5.16,12.21,5.82,0.0,2.84,0.0,3.11,3.99,7.55,12.38,23.66,23.65,7.77,32.92,5.56,5.3,6.98,0.43,33.22,12.08,2.92,7.06,1.43,10.15,6.35,3.27,4.83,8.55,3.42,5.16,12.09,3.96,4.84,4.66,7.83
6,2020-05-15,2.52,2.97,29.9,1313.0,0.91,32.28,7.03,7.23,10.14,13.43,0.0,17.6,19.17,25.17,,2.82,5.28,1.1,1.21,2.93,4.64,3.49,1.42,0.0,21.51,2.85,0.9,2.24,9.59,1.78,5.62,0.61,36.86,4.98,1.24,30.88,14.66,,11.8,0.89,3.07,9.6,1.14,5.4,12.57,5.82,0.0,2.89,0.0,2.83,4.13,8.12,13.61,24.07,24.79,7.81,32.75,5.5,4.82,6.65,0.48,33.42,11.95,2.97,7.13,1.44,11.05,6.33,3.32,4.78,8.95,3.5,5.07,11.66,3.88,4.81,4.46,7.91
7,2020-05-14,2.51,2.9,27.18,1326.59,0.87,32.0,6.39,6.57,9.22,13.24,0.0,17.66,18.55,23.7,,2.69,5.42,1.1,1.2,2.92,4.66,3.29,1.45,0.0,21.32,2.84,0.94,2.22,9.63,1.83,5.58,0.64,37.58,4.93,1.23,31.21,14.37,,10.73,0.9,3.06,9.79,1.17,5.34,12.55,5.92,0.0,2.86,0.0,2.81,4.04,7.55,13.62,23.81,24.21,7.91,32.35,5.44,4.38,6.49,0.53,33.89,10.86,2.99,7.25,1.46,11.4,6.36,3.32,4.8,8.14,3.36,5.17,10.6,3.84,4.92,4.25,7.96
8,2020-05-13,2.57,2.97,26.11,1335.95,0.85,33.09,5.81,6.69,9.47,13.53,0.0,17.83,18.62,24.32,,2.68,5.48,1.11,1.25,2.95,4.65,2.99,1.41,0.0,21.18,2.9,0.99,2.29,9.58,1.81,5.67,0.67,38.28,5.02,1.22,32.05,14.11,,11.03,0.95,3.12,9.18,1.14,5.45,12.56,5.82,0.0,2.91,0.0,2.88,4.08,7.6,13.47,24.12,23.85,8.05,33.81,5.62,3.98,6.35,0.59,34.05,9.87,2.99,6.88,1.5,10.61,6.47,3.32,4.82,7.4,3.39,5.39,10.94,3.93,5.18,4.05,8.16
9,2020-05-12,2.52,2.9,23.74,1333.0,0.86,33.97,5.28,6.08,9.32,13.46,0.0,17.47,17.61,25.13,,2.7,5.62,1.12,1.32,2.96,4.66,2.72,1.42,0.0,21.1,2.66,1.02,2.29,9.75,1.85,5.65,0.71,38.22,5.01,1.23,32.16,14.37,,10.93,1.0,3.1,8.8,1.2,5.5,12.48,5.69,0.0,2.89,0.0,2.9,4.07,7.8,13.23,25.03,24.17,8.11,34.09,5.41,4.03,6.87,0.0,34.15,8.97,2.99,6.72,1.5,10.62,6.5,3.34,4.81,7.37,3.39,5.14,10.73,3.78,5.2,4.26,8.23
10,2020-05-11,2.57,2.91,21.58,1323.01,0.9,34.49,4.8,5.53,9.44,13.75,0.0,17.92,17.38,24.4,,2.67,5.57,1.11,1.39,3.02,4.68,2.61,1.45,0.0,21.19,2.72,1.07,2.29,9.31,1.82,5.7,0.75,37.24,5.07,1.29,32.02,13.26,,10.98,1.05,3.16,8.6,1.26,5.61,12.59,5.83,0.0,2.85,0.0,2.92,4.03,7.53,13.47,22.89,24.35,8.22,33.85,5.24,4.19,7.61,0.0,34.54,8.15,3.03,6.75,1.52,10.86,6.69,3.38,4.85,7.48,3.43,5.07,10.85,3.8,5.22,4.19,8.13
11,2020-05-08,2.61,2.97,19.62,1314.61,0.95,32.45,4.72,5.36,9.35,14.48,0.0,18.6,17.68,24.28,,2.77,5.75,1.12,1.46,3.02,4.6,2.62,1.53,0.0,21.76,2.74,1.13,2.25,9.4,1.92,5.64,0.79,38.06,5.07,1.36,31.84,13.46,,11.1,1.11,3.19,8.36,1.33,5.64,12.8,5.92,0.0,2.87,0.0,2.87,4.01,7.58,13.41,22.77,24.05,7.95,33.44,4.76,4.12,6.92,0.0,34.27,7.41,3.06,6.84,1.52,10.32,6.58,3.38,4.86,7.62,3.41,5.19,10.99,3.81,5.34,4.39,8.16
12,2020-05-07,2.6,2.98,19.82,1312.0,0.97,33.71,4.29,4.87,9.25,13.71,0.0,18.3,17.74,24.98,,2.77,5.37,1.13,1.54,2.99,4.58,2.53,1.51,0.0,21.25,2.74,1.19,2.29,9.3,2.02,5.61,0.83,38.03,4.98,1.36,31.58,13.41,,10.79,1.17,3.16,7.6,1.38,5.62,12.56,5.83,0.0,2.83,0.0,2.87,3.96,7.4,12.53,23.31,23.28,7.87,33.7,4.78,4.22,7.25,0.0,33.9,6.74,3.01,6.83,1.52,10.08,6.6,3.35,4.84,7.43,3.36,5.09,11.23,3.81,5.34,4.2,8.0
13,2020-05-06,2.69,2.99,19.29,1300.0,0.96,31.66,4.33,4.83,9.41,13.87,0.0,18.59,17.86,24.0,,2.64,5.97,1.1,1.62,2.97,4.59,2.48,1.59,0.0,21.04,2.81,1.25,2.27,9.44,2.06,5.64,0.85,38.55,5.06,1.38,32.2,13.72,,10.78,1.23,3.2,7.93,1.45,5.6,12.82,5.88,0.0,2.88,0.0,2.86,3.96,7.74,13.32,23.12,23.76,7.65,34.19,4.87,3.96,7.23,0.0,33.86,6.13,3.06,6.6,1.52,10.42,6.67,3.42,4.86,7.62,3.35,5.03,11.03,3.76,5.33,4.0,7.94
14,2020-04-30,2.52,2.85,19.09,1265.7,0.95,28.78,4.3,4.86,9.3,13.61,0.0,18.66,17.17,22.85,,2.69,6.63,1.08,0.0,2.97,4.55,2.63,1.67,0.0,19.95,2.78,1.32,2.27,9.35,2.17,5.66,0.0,38.87,5.02,1.38,32.06,12.97,,10.73,1.29,3.13,7.69,0.0,5.45,12.61,5.82,0.0,2.84,0.0,2.84,3.8,7.51,13.08,22.59,21.96,7.57,33.63,4.78,3.94,6.57,0.0,33.28,5.57,2.98,6.46,1.53,10.02,6.53,3.37,4.85,7.46,3.33,4.99,10.2,3.57,5.39,3.81,7.81
15,2020-04-29,2.46,2.83,18.8,1274.9,1.0,28.58,4.21,4.42,9.07,12.58,0.0,18.17,16.05,21.83,,2.77,7.37,1.05,1.71,2.94,4.5,2.92,0.0,8.84,18.58,2.68,0.0,2.28,9.1,0.0,5.59,0.87,39.82,5.07,1.36,31.17,12.1,,10.64,1.36,3.06,7.48,1.53,5.18,12.25,5.79,6.45,2.79,0.0,2.79,3.73,6.83,12.19,23.3,20.47,6.88,34.0,4.53,3.83,5.97,0.0,32.27,5.48,2.9,6.34,1.5,9.93,6.38,3.3,4.79,7.25,3.27,5.03,10.06,3.48,0.0,3.96,7.74
16,2020-04-28,2.51,2.82,19.97,1279.13,1.05,29.0,4.18,4.89,9.37,12.75,0.0,18.41,16.07,22.69,,2.75,8.19,1.07,1.83,2.97,4.52,3.23,1.76,9.04,18.78,2.67,1.39,2.2,9.17,2.28,5.49,0.87,40.54,4.83,1.41,31.0,12.26,,11.59,1.43,3.07,8.0,1.51,5.23,12.4,6.29,6.57,2.8,1.17,2.77,3.75,7.06,12.48,22.62,20.44,6.7,35.39,4.79,3.89,5.43,0.0,32.76,5.42,2.93,6.34,1.5,10.16,6.37,3.44,4.8,7.28,3.29,5.18,10.41,3.6,5.36,3.77,7.75
17,2020-04-27,2.62,2.97,22.19,1276.0,1.1,30.58,4.27,5.12,9.33,12.81,0.0,19.1,15.39,22.19,,2.85,9.1,1.1,2.03,3.02,4.64,3.09,1.81,9.18,18.24,2.78,1.52,2.29,9.35,2.22,5.36,0.93,39.52,4.89,1.48,31.08,11.57,,10.56,1.5,3.14,7.81,1.58,5.63,13.35,6.52,6.8,2.9,1.23,2.84,3.89,7.06,13.12,23.59,19.81,6.83,36.21,4.84,4.32,4.94,0.0,32.8,5.71,3.01,6.64,1.53,11.09,6.59,3.44,5.03,7.67,3.32,5.34,9.92,3.69,5.44,3.97,8.09
18,2020-04-24,2.63,3.1,21.58,1250.56,1.11,32.33,4.38,5.25,9.41,13.1,0.0,19.34,15.24,23.03,,2.97,9.0,1.11,2.25,3.02,4.62,2.81,1.91,9.07,17.94,2.78,1.6,2.24,9.48,2.22,5.24,0.96,49.27,4.92,0.0,29.73,12.07,,10.2,0.0,3.17,7.95,1.67,5.7,13.7,5.93,7.05,2.96,1.17,2.85,3.92,7.08,12.95,25.74,19.78,6.91,35.3,5.38,4.49,4.49,0.0,33.74,5.8,3.06,6.88,1.52,11.28,6.62,3.4,5.1,7.81,3.34,4.85,10.27,3.73,5.72,4.18,8.18
19,2020-04-23,2.69,3.0,23.98,1252.26,1.12,35.22,4.46,5.68,9.86,13.72,0.0,20.1,15.18,23.28,,3.03,8.59,1.12,2.3,3.04,4.59,2.55,2.03,9.41,18.58,2.86,1.69,2.3,9.8,2.32,5.36,1.03,51.02,4.99,1.46,29.9,12.04,,10.37,1.58,3.24,8.8,1.72,5.8,13.31,5.76,7.26,3.05,1.11,2.94,3.99,7.3,13.46,28.6,20.31,7.04,36.39,5.41,4.08,4.65,0.0,34.71,6.12,3.13,7.01,1.54,12.53,6.64,3.46,5.15,8.18,3.41,5.23,10.04,3.74,5.73,4.4,8.32
20,2020-04-22,2.75,2.97,21.8,1244.5,1.15,33.7,4.44,5.8,10.11,13.68,0.0,20.4,15.9,25.87,,3.02,8.18,1.13,2.3,3.04,4.66,2.32,2.09,9.77,18.4,2.92,1.7,2.33,10.08,2.37,5.39,1.06,48.98,4.88,1.51,29.98,12.45,,10.53,1.63,3.22,8.25,1.76,5.92,13.05,5.72,7.59,3.06,1.1,2.96,4.09,7.66,13.4,26.0,20.64,7.11,37.1,5.19,3.71,4.7,0.0,35.25,6.1,3.17,6.74,1.54,12.43,6.75,3.49,5.21,8.3,3.39,4.75,10.01,3.67,5.99,4.38,8.32
21,2020-04-21,2.79,2.85,20.57,1200.0,1.15,33.27,4.42,5.27,9.83,13.9,0.0,20.5,16.0,24.83,,3.03,8.02,1.12,2.28,3.02,4.63,2.11,2.07,9.69,18.49,2.91,1.71,2.23,9.89,2.15,5.4,1.04,48.85,4.92,1.51,29.99,12.18,,10.63,1.63,3.19,7.5,1.75,5.68,13.12,5.54,7.14,3.04,1.12,2.96,3.98,7.58,12.18,27.07,20.4,7.06,37.58,5.47,3.37,4.67,0.0,34.54,5.69,3.08,6.59,1.54,11.3,6.83,3.49,5.18,8.23,3.42,4.62,9.57,3.5,6.3,4.39,8.08
22,2020-04-20,2.78,2.89,18.7,1227.3,1.15,34.87,4.41,4.79,9.53,13.88,1.39,20.02,16.02,22.57,,3.09,7.91,1.14,2.33,3.07,4.56,1.92,2.12,9.65,18.63,2.99,1.74,2.27,9.96,2.18,5.48,1.08,48.71,4.87,1.58,30.87,12.6,,10.41,1.66,3.28,7.87,1.79,5.77,13.14,5.67,6.49,3.12,1.18,2.98,3.99,7.62,11.8,26.18,21.22,7.15,37.1,5.48,3.06,4.72,0.0,35.03,5.81,3.07,6.49,1.56,10.27,6.86,3.49,5.23,8.42,3.45,4.67,9.7,3.52,6.52,4.28,8.22
23,2020-04-17,2.84,2.9,17.0,1226.0,1.15,35.32,4.4,4.35,9.36,13.4,1.32,19.65,15.94,20.88,,3.1,7.71,1.14,2.32,3.06,4.54,1.93,2.17,9.54,18.61,3.01,1.75,2.16,9.8,2.28,5.5,1.11,48.77,4.94,1.58,30.24,12.35,,10.39,1.65,3.31,7.45,1.79,5.8,12.7,5.62,6.17,3.12,1.23,2.94,3.95,7.4,10.73,23.8,21.52,7.24,35.58,5.86,3.08,4.67,0.0,34.63,5.86,3.0,6.48,1.56,9.34,6.78,3.41,5.22,8.28,3.47,4.63,9.66,3.46,6.58,4.24,8.02
24,2020-04-16,2.84,2.96,16.89,1197.1,1.15,37.9,4.4,4.76,9.51,13.71,1.26,19.57,15.9,20.45,,3.11,7.7,1.13,2.31,3.04,4.54,1.93,2.2,9.6,18.86,3.02,1.8,2.1,9.73,2.38,5.48,1.11,51.05,4.96,1.61,30.1,12.45,,10.23,1.68,3.33,7.35,1.87,5.82,13.07,5.73,6.3,3.14,1.23,2.97,3.96,7.7,10.42,22.53,21.15,7.15,36.53,6.16,3.12,4.69,0.0,34.42,5.81,3.1,6.56,1.55,8.49,6.56,3.42,5.22,8.6,3.42,4.64,9.82,3.5,6.39,4.46,8.03
25,2020-04-15,2.89,2.84,16.9,1189.6,1.15,34.45,4.48,4.33,9.4,13.6,1.33,19.32,15.91,18.59,,3.12,7.74,1.13,2.34,3.04,4.57,1.96,2.29,9.57,18.9,3.03,1.84,2.1,9.63,2.39,5.49,1.18,49.57,4.99,1.57,30.03,11.81,,10.23,1.69,3.29,6.68,1.85,5.82,12.36,5.61,6.2,3.17,1.21,3.0,3.82,7.79,9.47,20.48,21.2,7.14,34.75,6.04,3.12,4.69,0.0,34.71,5.72,2.92,6.56,1.55,7.72,6.53,3.41,5.23,8.04,3.45,4.65,9.87,3.52,6.09,4.69,8.14
26,2020-04-14,2.94,2.89,15.36,1185.1,1.15,31.32,4.53,3.94,9.7,12.93,1.33,19.61,15.27,18.52,,3.12,7.89,1.15,2.38,3.06,4.59,2.02,2.2,9.98,19.08,3.08,1.88,2.17,10.04,2.17,5.56,1.27,48.95,5.05,1.57,30.22,11.18,,10.42,1.75,3.37,6.61,1.9,5.81,12.29,5.63,6.46,3.22,1.27,3.12,3.9,7.99,9.28,18.62,21.13,7.18,34.3,6.39,3.21,4.81,0.0,35.07,5.87,2.91,6.84,1.57,7.02,6.4,3.48,5.27,8.15,3.41,4.74,10.2,3.56,6.01,4.53,8.19
27,2020-04-13,2.67,2.85,16.77,1162.3,1.15,28.47,4.52,3.58,9.46,12.29,1.38,19.15,14.46,17.01,,3.12,7.95,1.14,2.34,3.03,4.56,1.99,2.13,10.01,19.2,3.03,1.85,2.17,9.81,1.97,5.41,1.26,47.22,4.96,1.55,29.16,10.16,,10.22,1.71,3.34,6.49,1.88,5.58,12.06,5.48,6.39,3.27,1.34,2.87,3.88,7.85,9.13,18.17,20.23,7.08,33.34,5.81,3.22,4.74,0.65,34.93,5.84,2.86,6.71,1.57,6.38,6.36,3.45,5.22,7.68,3.39,4.74,10.05,3.51,5.88,4.55,8.17
28,2020-04-10,2.87,2.85,15.74,1165.0,1.16,25.88,4.46,3.87,9.91,12.53,1.45,19.58,14.77,17.52,,3.09,8.01,1.14,2.36,3.04,4.55,2.02,2.18,9.96,19.09,3.07,1.95,2.19,10.49,2.02,5.47,1.28,48.58,5.06,1.61,29.4,10.58,,10.49,1.82,3.42,6.54,1.95,5.68,12.24,5.5,6.42,3.1,1.4,2.84,3.79,7.92,9.36,17.85,20.84,7.24,32.88,5.63,2.93,4.74,0.68,35.76,5.97,2.95,6.56,1.57,6.53,6.32,3.47,5.24,7.85,3.47,4.73,10.51,3.68,6.07,4.77,7.87
29,2020-04-09,3.0,3.01,14.31,1158.5,1.19,24.96,4.57,3.52,10.5,13.0,1.43,20.16,15.6,18.39,,3.13,7.86,1.15,2.43,3.1,4.61,2.06,2.27,9.82,19.9,3.17,2.04,2.1,11.65,2.09,5.47,1.31,48.69,5.24,1.65,30.09,11.38,,10.73,1.91,3.42,6.8,2.07,5.99,12.79,5.69,6.93,3.2,1.43,2.89,3.92,8.67,9.65,18.15,22.22,7.38,33.62,6.25,3.01,4.82,0.72,36.94,6.15,3.07,6.72,1.58,6.88,6.39,3.58,5.3,8.3,3.35,4.87,10.05,3.82,6.24,4.54,7.7
30,2020-04-08,3.02,2.74,14.57,1159.76,1.18,24.22,4.59,3.2,10.35,12.95,1.46,20.15,15.69,18.42,,3.14,7.49,1.15,2.42,3.09,4.59,2.05,2.24,9.8,18.51,3.17,2.01,2.07,10.59,2.13,5.48,1.3,48.18,5.01,1.66,30.59,11.58,,10.54,1.92,3.23,6.78,1.94,5.86,12.7,5.65,6.71,3.26,1.37,2.88,3.98,8.83,9.6,17.88,22.2,7.21,33.89,5.68,3.0,4.77,0.76,35.59,6.15,3.03,6.67,1.57,6.4,6.41,3.54,5.32,8.25,3.35,4.92,9.77,3.79,6.2,4.42,7.8
31,2020-04-07,3.07,2.67,13.93,1159.95,1.19,22.02,4.57,2.91,10.59,13.09,1.48,19.49,15.65,18.57,,3.09,7.45,1.16,2.39,3.12,4.58,2.02,2.24,9.65,18.27,3.12,2.03,2.0,9.8,2.11,5.51,1.31,51.2,5.03,1.6,31.13,11.19,,10.67,1.95,3.24,6.81,2.02,5.86,12.8,5.62,6.56,3.24,1.38,2.87,3.73,8.75,9.69,19.0,21.97,7.19,33.87,5.16,2.94,4.75,0.8,35.78,6.03,3.07,6.48,1.58,6.38,6.47,3.48,5.29,8.02,3.35,4.95,9.4,3.91,5.99,4.21,7.67
32,2020-04-03,2.98,2.61,12.66,1139.79,1.16,21.72,4.49,2.82,10.03,12.43,1.5,19.05,15.17,17.84,,3.06,7.44,1.14,2.34,3.05,4.52,1.98,2.09,9.38,18.1,3.05,1.97,2.0,8.91,2.04,5.48,1.3,49.07,4.88,1.58,30.78,10.77,,10.63,1.92,3.08,6.41,1.84,5.74,11.93,5.46,6.38,3.09,1.39,2.77,3.61,8.59,8.81,18.35,21.51,7.08,32.96,4.69,2.87,4.72,0.84,34.8,5.83,2.79,6.2,1.55,6.02,6.3,3.43,5.21,7.29,3.31,4.71,9.14,3.7,5.84,4.21,7.54
33,2020-04-02,3.07,2.63,11.51,1145.0,1.17,20.45,4.43,2.86,9.12,13.0,1.48,19.39,15.54,18.6,,3.07,7.4,1.15,2.38,3.1,4.57,2.02,2.17,9.25,17.72,3.12,2.01,1.99,9.12,2.09,5.48,1.32,48.79,4.98,1.59,30.45,11.31,,10.17,1.94,3.11,6.52,1.84,5.85,12.23,5.54,6.57,3.07,1.46,2.81,3.73,9.1,8.92,17.78,21.32,7.27,32.0,4.26,2.9,4.65,0.8,35.46,5.9,2.84,6.24,1.57,5.9,6.45,3.4,5.28,7.5,3.39,4.73,9.51,3.61,5.79,4.42,7.6
34,2020-04-01,3.09,2.58,11.27,1103.0,1.17,20.98,4.38,2.81,9.25,12.47,1.41,18.89,14.68,17.99,,3.06,7.49,1.14,2.34,3.07,4.52,1.98,2.17,9.17,17.47,3.02,2.04,1.96,8.83,2.0,5.42,1.31,48.39,4.99,1.59,28.98,10.74,,9.92,1.9,3.06,6.37,1.82,5.61,12.01,5.43,6.03,2.97,1.52,2.78,3.68,8.68,8.63,17.9,19.54,7.24,31.66,3.87,2.86,4.57,0.76,34.5,5.79,2.79,6.08,1.56,5.73,6.52,3.33,5.2,7.23,3.37,4.66,9.59,3.68,5.77,4.65,7.6
35,2020-03-31,3.03,2.61,11.45,1111.0,1.2,22.45,4.44,2.81,10.28,12.92,1.44,18.93,14.29,17.48,,3.08,7.41,1.15,2.4,3.08,4.51,2.0,2.15,8.91,17.45,3.0,2.05,1.99,8.9,2.05,5.41,1.35,47.92,4.97,1.65,27.9,9.86,,9.92,1.93,3.11,6.4,1.94,5.56,12.06,5.49,6.15,3.08,1.54,2.77,3.74,8.35,8.63,17.34,19.15,7.32,32.86,4.3,2.94,4.55,0.72,34.46,5.87,2.78,6.09,1.56,5.87,6.98,3.38,5.22,7.26,3.55,4.84,9.05,3.84,5.86,4.89,7.68
36,2020-03-30,3.28,2.61,12.23,1072.0,1.17,21.78,4.62,2.83,10.19,12.1,1.41,19.1,14.5,17.67,,3.08,7.45,1.14,2.43,3.09,4.52,1.99,2.22,8.49,17.39,3.02,2.11,2.0,9.04,1.98,5.51,1.29,46.0,4.87,1.67,27.48,10.09,,9.93,2.0,3.15,6.45,2.03,5.66,12.09,5.67,6.48,3.22,1.61,2.74,3.9,8.29,8.82,16.55,19.45,7.34,33.3,3.91,3.0,4.58,0.76,34.53,5.9,2.79,6.17,1.58,6.07,7.1,3.38,5.23,7.37,3.51,4.68,9.06,3.58,5.76,5.15,7.71
37,2020-03-27,3.33,2.67,12.7,1075.5,1.19,22.72,4.86,2.86,9.64,13.21,1.48,19.79,15.18,17.61,,3.13,7.45,1.15,2.51,3.06,4.58,2.03,2.3,8.92,17.36,3.14,2.2,1.99,9.6,2.1,5.56,1.34,46.87,4.92,1.72,28.4,10.35,,10.16,2.07,3.29,6.79,2.16,5.91,12.57,5.62,6.35,3.16,1.69,2.82,4.16,8.51,9.31,17.05,20.9,7.21,32.65,4.01,2.96,4.69,0.8,35.99,6.09,2.9,6.45,1.6,6.02,6.93,3.49,5.3,7.83,3.9,4.62,8.24,3.49,5.81,5.42,7.93
38,2020-03-26,3.7,2.67,13.16,1064.92,1.19,23.35,4.54,2.88,9.6,14.02,1.49,19.62,15.43,18.01,,3.14,7.28,1.14,2.5,3.07,4.57,2.02,2.34,9.16,17.3,3.17,2.25,1.93,9.86,2.18,5.46,1.36,48.0,5.0,1.72,28.32,10.55,,10.21,2.11,3.28,7.12,2.21,5.98,12.86,5.78,6.61,3.03,1.61,2.8,4.37,8.64,9.7,17.5,21.7,7.23,34.0,3.74,2.97,4.7,0.84,35.81,6.05,2.91,6.54,1.59,5.87,6.49,3.49,5.25,7.96,3.65,4.63,8.06,3.7,5.72,5.7,7.98
39,2020-03-25,3.96,2.78,12.24,1080.1,1.2,21.42,4.61,2.96,9.57,14.08,1.56,19.95,15.99,18.48,,3.13,7.52,1.16,2.54,3.13,4.61,2.06,2.41,9.08,17.25,3.27,2.19,1.96,10.18,2.39,5.47,1.34,46.36,5.19,1.75,28.85,10.91,,10.47,2.17,3.34,7.0,2.27,6.26,12.62,6.12,7.34,3.03,1.63,2.84,3.97,8.92,9.74,16.62,22.01,7.39,30.91,3.56,3.02,4.78,0.88,35.99,6.19,2.98,6.82,1.62,6.31,6.7,3.56,5.32,8.18,3.51,4.61,8.16,3.73,5.65,5.43,7.97
40,2020-03-24,4.4,2.72,11.99,1056.0,1.17,19.47,4.47,2.97,9.36,13.66,1.52,19.56,15.3,17.47,,3.09,7.51,1.15,2.47,3.1,4.55,2.02,2.33,8.92,16.38,3.19,2.08,1.96,10.14,2.5,5.31,1.31,43.89,5.08,1.72,27.84,10.67,,10.27,2.08,3.28,6.95,2.19,6.11,12.5,6.09,7.99,2.91,1.55,2.78,3.61,8.78,9.66,16.0,21.92,7.25,30.33,3.48,2.98,4.67,0.89,35.48,6.02,2.94,6.66,1.61,6.42,6.65,3.49,5.26,7.93,3.28,4.54,8.02,3.49,5.52,5.17,7.89
41,2020-03-23,4.89,2.6,13.21,1019.0,1.16,18.91,4.46,2.77,9.29,13.46,1.54,19.36,15.41,16.97,0.0,3.06,7.45,1.13,2.41,3.05,4.49,2.0,2.28,8.79,16.15,3.12,2.06,1.95,10.07,2.78,5.22,1.28,43.75,4.77,1.71,27.18,10.53,,9.99,2.04,3.24,6.67,2.16,5.99,11.93,6.0,7.26,2.85,1.53,2.7,3.55,9.06,9.09,16.65,21.73,7.01,27.93,3.38,2.93,4.55,0.91,34.74,5.9,2.9,6.54,1.58,6.31,6.62,3.39,5.17,7.68,3.2,4.48,7.82,3.45,5.45,5.25,7.82
42,2020-03-20,5.1,2.74,12.68,1035.28,1.22,17.19,4.49,2.88,9.88,14.51,1.55,20.37,17.06,18.55,0.0,3.15,7.51,1.15,2.5,3.07,4.6,2.1,2.41,9.25,16.62,3.27,2.16,1.96,10.92,2.75,5.38,1.32,43.2,5.18,1.8,29.08,11.62,,10.31,2.16,3.4,6.97,2.23,6.42,12.32,6.3,7.59,3.05,1.58,2.82,3.64,9.17,8.91,16.51,23.77,7.24,29.56,3.56,2.97,4.72,0.96,36.23,6.09,2.98,6.88,1.6,6.06,6.74,3.57,5.34,8.13,3.21,4.66,8.09,3.45,5.63,5.49,8.06
43,2020-03-19,5.08,2.68,13.9,996.0,1.21,17.09,4.4,2.86,9.63,15.04,1.48,20.35,17.81,19.07,0.0,3.12,7.42,1.14,2.48,3.02,4.56,2.08,2.41,9.18,16.3,3.19,2.15,1.94,11.15,2.5,5.34,1.3,40.93,5.13,1.78,29.03,12.0,,10.1,2.15,3.29,6.9,2.23,6.39,12.14,6.05,6.9,3.04,1.56,2.77,3.58,9.58,8.62,16.43,24.02,7.1,29.85,3.86,2.95,4.65,0.94,36.51,6.01,2.96,6.85,1.6,5.9,6.56,3.52,5.3,8.11,3.15,4.62,7.96,3.44,5.64,5.42,7.91
44,2020-03-18,5.15,2.66,15.44,1007.99,1.21,18.31,4.46,2.84,9.3,14.64,1.54,20.02,17.77,18.79,0.0,3.14,7.48,1.14,2.46,3.01,4.6,2.01,2.45,9.5,16.96,3.19,2.24,1.91,10.59,2.27,5.49,1.32,42.19,5.07,1.79,29.0,11.58,,10.0,2.15,3.29,6.74,2.23,6.11,11.88,6.06,6.27,3.17,1.6,2.82,3.52,10.0,8.44,16.95,23.03,7.1,28.62,3.63,2.92,4.71,0.98,35.63,6.01,2.9,6.61,1.62,5.76,6.53,3.76,5.37,8.01,3.17,4.59,7.91,3.35,5.48,5.16,7.87
45,2020-03-17,5.29,2.84,14.04,1045.1,1.22,17.13,4.61,2.91,9.29,14.31,1.59,20.37,18.31,18.39,0.0,3.16,7.69,1.16,2.56,3.1,4.66,2.09,2.52,9.64,17.89,3.24,2.31,1.93,10.36,2.06,5.65,1.34,42.75,5.2,1.82,29.02,12.28,,9.9,2.17,3.41,7.01,2.3,6.3,12.19,6.29,6.01,3.28,1.62,2.86,3.61,10.38,8.52,15.41,23.37,7.34,29.2,3.64,2.97,4.9,0.99,36.29,6.21,2.97,6.88,1.64,5.97,6.64,4.0,5.43,8.18,3.2,4.64,8.13,3.39,5.44,5.32,7.86
46,2020-03-16,5.38,2.9,12.76,1067.0,1.24,16.34,4.81,2.9,8.79,14.15,1.67,20.08,17.82,17.96,0.0,3.23,7.6,1.15,2.64,3.07,4.66,2.13,2.6,9.68,18.57,3.22,2.46,1.84,10.23,2.02,5.7,1.35,39.59,5.29,1.87,30.1,12.38,,10.09,2.24,3.46,7.07,2.33,6.16,12.3,5.72,5.46,3.46,1.65,2.91,3.64,10.04,8.4,17.0,22.8,7.28,26.96,3.43,2.96,4.82,0.99,36.1,6.35,2.94,7.07,1.65,5.7,6.43,3.91,5.45,8.1,3.24,4.64,8.17,3.25,5.63,5.6,7.89
47,2020-03-13,5.41,3.19,11.6,1112.03,1.27,14.85,4.86,3.01,9.27,14.92,1.59,20.7,18.9,19.96,0.0,3.17,7.82,1.17,2.75,3.17,4.7,2.22,2.71,9.72,18.79,3.41,2.37,1.92,10.68,2.08,5.84,1.39,40.07,5.65,1.92,32.04,13.34,,10.58,2.4,3.64,7.67,2.44,6.72,13.21,6.12,5.84,3.45,1.71,2.97,3.79,10.34,9.04,18.0,24.29,7.58,26.1,3.81,3.09,4.94,1.01,38.31,6.6,3.06,7.8,1.7,6.28,6.57,3.55,5.56,8.73,3.32,4.71,8.61,3.34,5.87,5.89,8.08
48,2020-03-12,5.18,3.13,12.27,1138.5,1.29,15.2,5.2,3.06,9.37,14.97,1.65,21.17,17.6,20.44,0.0,3.23,7.78,1.18,2.66,3.23,4.77,2.24,2.79,9.95,19.41,3.5,2.53,1.95,10.33,2.05,5.92,1.41,40.89,5.68,1.83,32.88,12.74,,11.13,2.53,3.6,7.87,2.52,6.82,13.38,5.76,5.96,3.71,1.76,3.01,3.91,11.43,9.17,17.14,23.33,7.7,26.59,4.23,3.12,5.02,1.01,38.44,6.71,3.07,8.26,1.71,5.89,6.66,3.64,5.63,8.93,3.41,4.8,8.54,3.22,6.06,5.93,8.21
49,2020-03-11,5.09,3.48,11.15,1158.52,1.31,15.13,5.09,3.13,9.36,15.4,1.74,21.75,17.2,21.17,0.0,3.27,8.06,1.19,2.69,3.26,4.86,2.3,2.87,10.05,19.85,3.64,2.8,1.96,10.42,2.12,6.01,1.45,42.6,5.47,1.87,33.86,12.5,,11.38,2.63,3.6,8.03,2.62,6.96,13.36,6.13,6.1,3.58,1.77,3.07,3.86,12.58,9.49,16.0,23.05,7.75,27.39,4.02,3.17,5.13,1.02,39.9,6.97,3.12,8.87,1.69,6.3,6.71,3.7,5.71,9.25,3.51,4.95,8.7,3.33,6.2,5.65,8.46
50,2020-03-10,5.14,3.16,10.27,1156.0,1.34,15.25,5.28,3.06,9.74,15.62,1.72,22.55,17.27,21.63,0.0,3.3,7.77,1.2,2.71,3.34,4.92,2.35,2.87,9.99,20.07,3.62,2.98,1.96,10.59,2.1,6.05,1.44,42.81,5.56,1.89,34.4,13.09,,11.69,2.39,3.7,8.18,2.62,7.2,13.74,6.34,6.25,3.61,1.76,3.06,3.88,12.38,9.67,15.09,24.03,7.94,27.97,3.65,3.16,5.08,1.03,41.18,6.87,3.18,8.06,1.7,6.51,6.83,3.7,5.79,9.6,3.44,5.03,8.91,3.31,6.22,5.38,8.58
51,2020-03-09,5.3,2.87,10.81,1114.01,1.3,15.87,5.6,3.01,9.38,14.86,1.8,22.12,15.7,20.9,0.0,3.28,7.6,1.19,2.63,3.26,4.86,2.21,2.86,10.1,20.02,3.57,2.87,1.95,10.0,2.06,5.98,1.45,43.32,5.4,1.87,33.48,11.9,,12.03,2.46,3.63,7.64,2.58,6.79,13.4,6.08,5.94,3.99,1.79,3.03,3.81,11.25,9.32,16.01,22.0,7.73,27.88,3.32,3.1,5.08,1.02,39.75,6.65,3.1,7.33,1.65,6.5,6.56,3.67,5.73,9.33,3.42,5.05,8.79,3.29,6.18,5.12,8.74
52,2020-03-06,5.46,2.92,9.83,1155.5,1.29,15.94,5.7,3.12,9.9,16.02,1.79,22.33,17.26,22.94,0.0,3.35,7.78,1.22,2.73,3.4,4.99,2.22,2.97,10.42,20.92,3.75,2.61,1.95,10.58,2.18,6.21,1.52,44.49,5.81,1.91,35.22,13.16,,12.39,2.43,3.85,7.77,2.68,7.35,14.46,6.16,6.43,4.22,1.79,3.1,3.88,11.48,10.02,15.79,24.39,8.05,28.46,3.02,3.18,5.15,1.04,41.85,6.57,3.26,7.05,1.7,6.62,6.82,3.71,5.95,10.25,3.48,5.01,9.02,3.39,6.5,4.88,8.76
53,2020-03-05,5.47,2.89,9.67,1171.0,1.29,15.8,5.18,3.16,10.72,15.98,1.7,22.65,17.5,22.57,0.0,3.34,7.35,1.24,2.72,3.47,5.01,2.17,3.01,10.34,20.68,3.74,2.37,1.94,10.9,2.16,6.37,1.54,45.02,5.81,1.92,36.18,13.74,,12.49,2.37,4.03,7.96,2.65,7.67,14.72,5.94,6.75,3.86,1.81,3.1,3.86,11.01,10.26,15.52,25.04,8.41,28.68,2.92,3.19,5.18,1.05,42.8,6.53,3.36,6.97,1.71,6.59,7.11,3.75,6.04,9.93,3.54,5.0,9.29,3.46,6.49,4.65,8.74
54,2020-03-04,5.46,2.78,8.79,1128.92,1.26,15.71,5.11,3.11,10.06,16.2,1.62,22.39,17.4,22.56,0.0,3.3,7.31,1.22,2.68,3.44,4.91,2.11,2.95,10.38,19.96,3.71,2.35,1.91,11.02,2.16,6.37,1.52,43.7,5.94,1.86,35.53,13.29,,11.35,2.31,4.04,8.05,2.59,7.7,14.74,5.81,6.34,3.51,1.72,3.02,3.78,10.01,10.32,15.36,24.76,7.75,28.52,2.88,3.15,5.12,1.03,43.26,6.37,3.33,6.84,1.68,5.99,7.14,3.73,5.91,10.04,3.53,4.91,9.0,3.36,6.4,4.43,8.68
55,2020-03-03,5.54,2.7,8.98,1113.0,1.24,16.22,5.21,3.07,9.53,17.2,1.54,23.1,18.2,22.75,0.0,3.31,7.3,1.21,2.57,3.38,4.92,2.08,2.93,10.23,19.85,3.79,2.46,1.86,11.06,2.19,6.16,1.55,44.29,6.13,1.83,35.85,13.41,,11.47,2.32,3.98,7.84,2.59,7.81,14.54,5.93,6.09,3.19,1.8,3.02,3.76,10.84,10.15,15.74,25.52,7.57,27.73,2.89,3.1,4.92,1.03,43.8,6.4,3.32,6.8,1.66,6.12,7.09,3.65,5.81,9.52,3.5,4.85,8.9,3.34,6.21,4.22,8.08
56,2020-03-02,5.67,2.7,8.66,1086.01,1.24,16.14,5.28,2.98,9.36,16.17,1.47,23.02,18.12,22.5,1.19,3.25,7.3,1.21,2.54,3.41,4.9,2.06,2.94,10.04,19.74,3.76,2.36,1.84,10.17,2.25,6.16,1.59,42.31,5.7,1.84,35.6,13.4,,11.6,2.31,3.81,7.8,2.59,7.72,13.66,5.58,6.08,3.26,1.78,2.95,3.74,10.09,9.96,14.8,25.29,7.54,27.6,2.87,3.09,4.92,1.03,40.78,6.29,3.32,6.7,1.65,6.29,7.24,3.59,5.78,9.08,3.38,4.86,8.84,3.26,6.23,4.02,7.97
57,2020-02-28,5.52,2.59,8.54,1057.0,1.21,16.14,5.38,2.88,8.56,14.75,1.52,22.35,17.58,22.28,1.15,3.21,7.18,1.17,2.46,3.16,4.75,1.99,2.92,9.56,19.3,3.64,2.41,1.81,9.84,2.17,5.84,1.67,41.5,5.44,1.81,35.0,13.46,,11.13,2.25,3.61,7.36,2.52,7.16,13.18,5.42,5.53,3.19,1.76,2.86,3.6,9.66,9.44,14.62,24.65,7.29,26.88,2.74,2.94,4.69,1.01,38.59,6.04,3.16,6.31,1.6,5.72,6.65,3.38,5.57,8.4,3.29,4.72,8.48,3.17,6.11,3.83,7.95
58,2020-02-27,5.88,2.85,8.5,1087.39,1.26,16.36,5.27,3.07,9.4,16.23,1.6,24.3,19.08,23.97,1.18,3.3,7.11,1.2,2.62,3.2,5.0,2.1,3.14,9.66,20.04,3.89,2.46,1.91,10.91,2.41,6.05,1.75,41.75,6.02,1.9,36.8,14.71,,11.07,2.44,3.8,8.04,2.71,7.95,14.53,5.63,6.05,3.09,1.69,3.0,3.81,9.02,10.3,14.57,26.54,7.88,28.05,2.94,3.08,5.01,1.03,40.99,6.61,3.35,6.85,1.63,5.68,6.6,3.57,5.81,9.23,3.42,4.93,9.06,3.28,6.32,0.0,8.11
59,2020-02-26,5.72,2.72,8.87,1073.7,1.26,16.31,4.79,3.08,9.39,15.1,1.68,26.46,19.94,23.71,1.18,3.33,6.97,1.22,2.67,3.31,5.05,2.11,3.18,9.2,20.07,4.1,2.24,1.91,11.09,2.4,6.04,1.69,41.23,5.89,1.91,36.9,15.55,,11.21,2.51,3.89,7.79,2.77,7.34,14.44,5.12,5.9,3.1,1.71,2.99,3.84,10.01,10.15,15.12,28.35,8.11,28.04,2.78,3.07,5.01,1.04,39.78,6.87,3.45,6.9,1.66,5.16,6.53,3.59,5.82,9.29,3.38,4.98,9.07,3.27,6.33,3.65,8.15
60,2020-02-25,5.81,2.66,9.32,1074.81,1.25,17.14,4.47,3.0,9.62,16.23,1.77,27.84,22.15,25.45,1.2,3.37,7.14,1.19,2.59,3.01,4.93,2.07,3.2,9.13,20.36,4.26,2.04,1.9,11.43,2.57,5.9,1.65,42.59,5.35,1.9,38.35,17.13,,11.31,2.46,3.77,8.14,2.75,7.59,15.17,5.18,5.95,3.19,1.63,2.94,3.84,10.09,10.87,16.32,31.5,8.1,29.31,2.67,3.01,5.03,1.04,42.0,6.74,3.5,7.01,1.62,5.14,5.94,3.52,5.74,9.85,3.35,4.91,9.13,3.26,6.45,3.48,8.22
61,2020-02-24,5.69,2.72,8.47,1087.18,1.28,16.36,4.45,3.05,9.77,16.62,1.86,29.0,20.14,24.11,1.19,3.34,6.96,1.21,2.65,3.04,5.0,2.09,3.26,9.23,20.58,3.91,2.08,1.92,11.37,2.66,5.95,1.63,41.18,4.86,1.95,39.05,15.57,,11.41,2.48,3.87,8.15,2.79,7.14,15.43,5.27,6.06,3.06,1.64,3.02,3.97,10.97,11.09,15.17,29.78,8.28,26.79,2.67,3.06,5.13,1.05,42.4,6.49,3.47,7.12,1.63,5.21,6.07,3.61,5.86,10.1,3.42,4.99,9.18,3.35,6.22,3.31,8.45
62,2020-02-21,5.43,2.73,8.53,1112.88,1.31,16.08,4.49,3.06,9.96,16.22,1.8,26.79,19.13,26.28,1.25,3.38,6.95,1.22,2.67,3.07,4.99,2.13,3.28,9.21,20.72,3.55,2.11,1.94,10.93,2.56,6.08,1.57,40.7,4.89,2.01,39.4,14.15,,11.4,2.53,4.09,7.83,2.81,7.0,15.17,5.19,5.9,2.96,1.68,3.05,3.82,11.61,10.72,14.65,27.95,8.35,26.43,2.64,3.06,5.12,1.05,41.34,6.31,3.3,6.84,1.65,5.2,6.14,3.65,5.87,10.0,3.5,4.99,9.12,3.31,6.23,3.15,8.46
63,2020-02-20,5.49,2.68,8.48,1118.0,1.31,15.91,4.51,3.04,10.15,15.56,1.89,24.97,19.33,26.89,1.26,3.38,6.81,1.22,2.64,3.07,4.89,2.15,3.27,9.25,20.54,3.58,2.04,1.93,10.2,2.39,6.12,1.55,40.07,4.76,2.03,38.79,12.9,,11.38,2.61,4.33,7.71,2.55,6.89,14.22,5.18,5.69,2.94,1.68,3.03,3.8,10.55,10.28,14.15,27.55,8.28,26.26,2.64,3.05,5.25,1.05,39.01,6.27,3.2,6.73,1.65,5.11,6.18,3.62,5.89,9.45,3.47,4.98,9.17,3.33,6.49,3.26,8.48
64,2020-02-19,5.49,2.63,8.68,1096.5,1.29,16.67,4.43,3.0,9.46,15.51,1.93,24.53,18.39,25.96,1.25,3.37,6.82,1.2,2.55,3.01,4.81,2.07,3.22,9.24,20.38,3.45,2.03,1.92,10.17,2.46,6.06,1.55,39.76,4.69,1.98,38.17,11.88,,11.08,2.49,4.31,7.31,2.49,6.86,14.02,5.05,5.57,2.91,1.65,3.0,3.71,9.59,10.1,14.15,25.95,7.98,26.09,2.57,2.99,5.06,1.04,38.66,6.22,3.16,6.73,1.62,5.14,6.12,3.57,5.78,9.33,3.41,4.95,8.73,3.31,6.4,3.29,8.4
65,2020-02-18,5.58,2.64,9.15,1084.0,1.31,17.2,4.45,3.02,9.41,16.02,2.03,25.34,17.79,25.22,1.27,3.41,6.59,1.22,2.54,3.01,4.84,2.07,3.31,9.29,20.69,3.37,2.02,1.88,10.27,2.25,6.09,1.51,41.18,4.71,2.02,36.83,11.45,,10.87,2.26,3.92,7.4,2.57,6.64,14.44,5.08,5.73,2.97,1.68,3.0,3.77,9.14,10.4,14.97,26.88,7.85,26.53,2.59,2.99,5.16,1.04,40.05,6.15,3.21,6.77,1.64,4.93,6.16,3.56,5.82,9.74,3.41,4.97,8.7,3.37,6.74,3.27,8.51
66,2020-02-17,5.55,2.61,8.86,1093.82,1.27,16.85,4.41,2.97,9.45,15.6,2.07,25.19,17.05,25.45,1.25,3.34,6.37,1.22,2.51,3.03,4.78,2.06,3.13,8.96,20.77,3.06,1.99,1.88,9.84,2.25,6.17,1.46,42.31,4.71,2.03,37.15,10.9,,10.74,2.25,3.72,7.23,2.46,6.28,14.36,4.99,5.54,2.98,1.67,2.92,3.68,8.31,10.26,14.79,24.85,7.8,26.76,2.59,2.93,5.32,1.03,39.54,6.13,3.13,6.7,1.65,4.77,6.21,3.55,5.83,9.35,3.41,5.01,8.71,3.41,7.09,3.35,8.35
